dim;train_accuracy;test_accuracy;time
10;0.49875;0.482;32.75473713874817
20;0.6441;0.6319;44.64216327667236
30;0.73335;0.7291;40.62098145484924
40;0.791;0.7942;41.45227861404419
